Property Name,Script
"Bozzuto Group","<div id=""hy-AXrxloE2b-0"" class=""hywrap""> </div><script async src=""//app.hy.ly/fjs/AXrxloE2b/0.js""></script>"
"Capitol at Chelsea","<div id=""hy-AXrxloE2b-0"" class=""hywrap""> </div><script async src=""//app.hy.ly/fjs/AXrxloE2b/0.js?pid=1477715730302559538""></script>"
"Halstead Danvers","<div id=""hy-AXrxloE2b-0"" class=""hywrap""> </div><script async src=""//app.hy.ly/fjs/AXrxloE2b/0.js?pid=1477193523034471277""></script>"
"MSM Complex (no residents)","<div id=""hy-AXrxloE2b-0"" class=""hywrap""> </div><script async src=""//app.hy.ly/fjs/AXrxloE2b/0.js?pid=1477165781479546452""></script>"
"Bozzuto Management Company","<div id=""hy-AXrxloE2b-0"" class=""hywrap""> </div><script async src=""//app.hy.ly/fjs/AXrxloE2b/0.js?pid=1452068536020681077""></script>"
"Bozzuto Homes","<div id=""hy-AXrxloE2b-0"" class=""hywrap""> </div><script async src=""//app.hy.ly/fjs/AXrxloE2b/0.js?pid=1453516885273668017""></script>"
"Bozzuto Broker","<div id=""hy-AXrxloE2b-0"" class=""hywrap""> </div><script async src=""//app.hy.ly/fjs/AXrxloE2b/0.js?pid=1450795011166496171""></script>"
"Bozzuto Construction Company","<div id=""hy-AXrxloE2b-0"" class=""hywrap""> </div><script async src=""//app.hy.ly/fjs/AXrxloE2b/0.js?pid=1450337019022333403""></script>"
"Bozzuto Sweepstakes","<div id=""hy-AXrxloE2b-0"" class=""hywrap""> </div><script async src=""//app.hy.ly/fjs/AXrxloE2b/0.js?pid=1446096060741173278""></script>"
"Required E-mails","<div id=""hy-AXrxloE2b-0"" class=""hywrap""> </div><script async src=""//app.hy.ly/fjs/AXrxloE2b/0.js?pid=1450258884076377608""></script>"
"Bozzuto Buzz","<div id=""hy-AXrxloE2b-0"" class=""hywrap""> </div><script async src=""//app.hy.ly/fjs/AXrxloE2b/0.js?pid=1446094412836619922""></script>"
"100 Capitol Yards","<div id=""hy-AXrxloE2b-0"" class=""hywrap""> </div><script async src=""//app.hy.ly/fjs/AXrxloE2b/0.js?pid=1445907374195483889""></script>"
"100 Park at Wyomissing Square","<div id=""hy-AXrxloE2b-0"" class=""hywrap""> </div><script async src=""//app.hy.ly/fjs/AXrxloE2b/0.js?pid=1445907374430604393""></script>"
"111 Kent","<div id=""hy-AXrxloE2b-0"" class=""hywrap""> </div><script async src=""//app.hy.ly/fjs/AXrxloE2b/0.js?pid=1451448400987805744""></script>"
"130 Hempstead Avenue","<div id=""hy-AXrxloE2b-0"" class=""hywrap""> </div><script async src=""//app.hy.ly/fjs/AXrxloE2b/0.js?pid=1459641858046051979""></script>"
"15 Bank Apartments","<div id=""hy-AXrxloE2b-0"" class=""hywrap""> </div><script async src=""//app.hy.ly/fjs/AXrxloE2b/0.js?pid=1445907374456957726""></script>"
"1500 Locust","<div id=""hy-AXrxloE2b-0"" class=""hywrap""> </div><script async src=""//app.hy.ly/fjs/AXrxloE2b/0.js?pid=1445907374537091769""></script>"
"2401 Pennsylvania","<div id=""hy-AXrxloE2b-0"" class=""hywrap""> </div><script async src=""//app.hy.ly/fjs/AXrxloE2b/0.js?pid=1445907374589769438""></script>"
"3333 Wisconsin","<div id=""hy-AXrxloE2b-0"" class=""hywrap""> </div><script async src=""//app.hy.ly/fjs/AXrxloE2b/0.js?pid=1445907374616715043""></script>"
"360 State Street","<div id=""hy-AXrxloE2b-0"" class=""hywrap""> </div><script async src=""//app.hy.ly/fjs/AXrxloE2b/0.js?pid=1445907374644048821""></script>"
"70 Capitol Yards","<div id=""hy-AXrxloE2b-0"" class=""hywrap""> </div><script async src=""//app.hy.ly/fjs/AXrxloE2b/0.js?pid=1445907374669550410""></script>"
"75 Tresser","<div id=""hy-AXrxloE2b-0"" class=""hywrap""> </div><script async src=""//app.hy.ly/fjs/AXrxloE2b/0.js?pid=1445907374693019048""></script>"
"77H","<div id=""hy-AXrxloE2b-0"" class=""hywrap""> </div><script async src=""//app.hy.ly/fjs/AXrxloE2b/0.js?pid=1456609530555098741""></script>"
"7th Flats","<div id=""hy-AXrxloE2b-0"" class=""hywrap""> </div><script async src=""//app.hy.ly/fjs/AXrxloE2b/0.js?pid=1445907374718364345""></script>"
"800 Carlyle","<div id=""hy-AXrxloE2b-0"" class=""hywrap""> </div><script async src=""//app.hy.ly/fjs/AXrxloE2b/0.js?pid=1445907374841922472""></script>"
"800 Madison","<div id=""hy-AXrxloE2b-0"" class=""hywrap""> </div><script async src=""//app.hy.ly/fjs/AXrxloE2b/0.js?pid=1451448836132741450""></script>"
"909 Capitol Yards","<div id=""hy-AXrxloE2b-0"" class=""hywrap""> </div><script async src=""//app.hy.ly/fjs/AXrxloE2b/0.js?pid=1445907374867500010""></script>"
"Under Construction","<div id=""hy-AXrxloE2b-0"" class=""hywrap""> </div><script async src=""//app.hy.ly/fjs/AXrxloE2b/0.js?pid=1471996750322917107""></script>"
"Allegro","<div id=""hy-AXrxloE2b-0"" class=""hywrap""> </div><script async src=""//app.hy.ly/fjs/AXrxloE2b/0.js?pid=1445907374892634364""></script>"
"Alta Chesapeake Ridge","<div id=""hy-AXrxloE2b-0"" class=""hywrap""> </div><script async src=""//app.hy.ly/fjs/AXrxloE2b/0.js?pid=1445907374917922489""></script>"
"Alta at Regency Crest","<div id=""hy-AXrxloE2b-0"" class=""hywrap""> </div><script async src=""//app.hy.ly/fjs/AXrxloE2b/0.js?pid=1478693722760301973""></script>"
"The Apartments at CityCenter","<div id=""hy-AXrxloE2b-0"" class=""hywrap""> </div><script async src=""//app.hy.ly/fjs/AXrxloE2b/0.js?pid=1445907377944575602""></script>"
"The Apartments at Harbor Park","<div id=""hy-AXrxloE2b-0"" class=""hywrap""> </div><script async src=""//app.hy.ly/fjs/AXrxloE2b/0.js?pid=1445907377969414071""></script>"
"The Apartments at Regent's Park","<div id=""hy-AXrxloE2b-0"" class=""hywrap""> </div><script async src=""//app.hy.ly/fjs/AXrxloE2b/0.js?pid=1445907377994800358""></script>"
"The Artisan Series","<div id=""hy-AXrxloE2b-0"" class=""hywrap""> </div><script async src=""//app.hy.ly/fjs/AXrxloE2b/0.js?pid=1473911746405894854""></script>"
"Arbors at Arundel Preserve","<div id=""hy-AXrxloE2b-0"" class=""hywrap""> </div><script async src=""//app.hy.ly/fjs/AXrxloE2b/0.js?pid=1445907374952730751""></script>"
"Arbors at Baltimore Crossroads","<div id=""hy-AXrxloE2b-0"" class=""hywrap""> </div><script async src=""//app.hy.ly/fjs/AXrxloE2b/0.js?pid=1445907374976712841""></script>"
"Arbors at Broadlands","<div id=""hy-AXrxloE2b-0"" class=""hywrap""> </div><script async src=""//app.hy.ly/fjs/AXrxloE2b/0.js?pid=1445907375000862470""></script>"
"The Arbors At Fair Lakes","<div id=""hy-AXrxloE2b-0"" class=""hywrap""> </div><script async src=""//app.hy.ly/fjs/AXrxloE2b/0.js?pid=1445907378018710374""></script>"
"Arcadia Run","<div id=""hy-AXrxloE2b-0"" class=""hywrap""> </div><script async src=""//app.hy.ly/fjs/AXrxloE2b/0.js?pid=1445907375024598242""></script>"
"Atmark Cambridge","<div id=""hy-AXrxloE2b-0"" class=""hywrap""> </div><script async src=""//app.hy.ly/fjs/AXrxloE2b/0.js?pid=1445907375050194604""></script>"
"The Avant at Reston Town Center","<div id=""hy-AXrxloE2b-0"" class=""hywrap""> </div><script async src=""//app.hy.ly/fjs/AXrxloE2b/0.js?pid=1445907378043945717""></script>"
"Avenir Place","<div id=""hy-AXrxloE2b-0"" class=""hywrap""> </div><script async src=""//app.hy.ly/fjs/AXrxloE2b/0.js?pid=1445907375073637616""></script>"
"Avery Row","<div id=""hy-AXrxloE2b-0"" class=""hywrap""> </div><script async src=""//app.hy.ly/fjs/AXrxloE2b/0.js?pid=1450610052488528027""></script>"
"The Batch Yard","<div id=""hy-AXrxloE2b-0"" class=""hywrap""> </div><script async src=""//app.hy.ly/fjs/AXrxloE2b/0.js?pid=1445907378068124292""></script>"
"The Beacon at Waugh Chapel","<div id=""hy-AXrxloE2b-0"" class=""hywrap""> </div><script async src=""//app.hy.ly/fjs/AXrxloE2b/0.js?pid=1445907378091335382""></script>"
"Belmont Station","<div id=""hy-AXrxloE2b-0"" class=""hywrap""> </div><script async src=""//app.hy.ly/fjs/AXrxloE2b/0.js?pid=1445907375098613444""></script>"
"SEO Consult Schedule (Laura Thieme)","<div id=""hy-AXrxloE2b-0"" class=""hywrap""> </div><script async src=""//app.hy.ly/fjs/AXrxloE2b/0.js?pid=1478693902929857747""></script>"
"Bozzuto Tom Blog","<div id=""hy-AXrxloE2b-0"" class=""hywrap""> </div><script async src=""//app.hy.ly/fjs/AXrxloE2b/0.js?pid=1468001471740508313""></script>"
"Brompton House","<div id=""hy-AXrxloE2b-0"" class=""hywrap""> </div><script async src=""//app.hy.ly/fjs/AXrxloE2b/0.js?pid=1445907375122184392""></script>"
"The Brownstones at Englewood South","<div id=""hy-AXrxloE2b-0"" class=""hywrap""> </div><script async src=""//app.hy.ly/fjs/AXrxloE2b/0.js?pid=1445907378117392699""></script>"
"Cadence at Crown","<div id=""hy-AXrxloE2b-0"" class=""hywrap""> </div><script async src=""//app.hy.ly/fjs/AXrxloE2b/0.js?pid=1445907375146813007""></script>"
"Cameron Court","<div id=""hy-AXrxloE2b-0"" class=""hywrap""> </div><script async src=""//app.hy.ly/fjs/AXrxloE2b/0.js?pid=1445907375178791957""></script>"
"Carmel Alexandria Apartments","<div id=""hy-AXrxloE2b-0"" class=""hywrap""> </div><script async src=""//app.hy.ly/fjs/AXrxloE2b/0.js?pid=1451448900445224320""></script>"
"Carmel Midtown Square","<div id=""hy-AXrxloE2b-0"" class=""hywrap""> </div><script async src=""//app.hy.ly/fjs/AXrxloE2b/0.js?pid=1450338753272569294""></script>"
"Carver 2000 Senior Mansion","<div id=""hy-AXrxloE2b-0"" class=""hywrap""> </div><script async src=""//app.hy.ly/fjs/AXrxloE2b/0.js?pid=1451449008258537908""></script>"
"Cathedral Commons","<div id=""hy-AXrxloE2b-0"" class=""hywrap""> </div><script async src=""//app.hy.ly/fjs/AXrxloE2b/0.js?pid=1457763926002039859""></script>"
"Chatsworth Park","<div id=""hy-AXrxloE2b-0"" class=""hywrap""> </div><script async src=""//app.hy.ly/fjs/AXrxloE2b/0.js?pid=1445907375201670299""></script>"
"The Chelsea","<div id=""hy-AXrxloE2b-0"" class=""hywrap""> </div><script async src=""//app.hy.ly/fjs/AXrxloE2b/0.js?pid=1445907378142410923""></script>"
"City Market at O Street","<div id=""hy-AXrxloE2b-0"" class=""hywrap""> </div><script async src=""//app.hy.ly/fjs/AXrxloE2b/0.js?pid=1445907375225665763""></script>"
"Concord Crystal City","<div id=""hy-AXrxloE2b-0"" class=""hywrap""> </div><script async src=""//app.hy.ly/fjs/AXrxloE2b/0.js?pid=1445907375250069231""></script>"
"Concord Park At Russett","<div id=""hy-AXrxloE2b-0"" class=""hywrap""> </div><script async src=""//app.hy.ly/fjs/AXrxloE2b/0.js?pid=1445907375275570261""></script>"
"The Courts of Devon","<div id=""hy-AXrxloE2b-0"" class=""hywrap""> </div><script async src=""//app.hy.ly/fjs/AXrxloE2b/0.js?pid=1445907378210158043""></script>"
"Creekstone Apartments","<div id=""hy-AXrxloE2b-0"" class=""hywrap""> </div><script async src=""//app.hy.ly/fjs/AXrxloE2b/0.js?pid=1451449081558500656""></script>"
"The Crest at Fort Lee","<div id=""hy-AXrxloE2b-0"" class=""hywrap""> </div><script async src=""//app.hy.ly/fjs/AXrxloE2b/0.js?pid=1445907378235941829""></script>"
"Crosswinds at Annapolis Towne Centre","<div id=""hy-AXrxloE2b-0"" class=""hywrap""> </div><script async src=""//app.hy.ly/fjs/AXrxloE2b/0.js?pid=1445907375300444506""></script>"
"Crystal Park at Waterford","<div id=""hy-AXrxloE2b-0"" class=""hywrap""> </div><script async src=""//app.hy.ly/fjs/AXrxloE2b/0.js?pid=1445907375325238182""></script>"
"Curling Club","<div id=""hy-AXrxloE2b-0"" class=""hywrap""> </div><script async src=""//app.hy.ly/fjs/AXrxloE2b/0.js?pid=1475886529706209522""></script>"
"Currents on the Charles","<div id=""hy-AXrxloE2b-0"" class=""hywrap""> </div><script async src=""//app.hy.ly/fjs/AXrxloE2b/0.js?pid=1471081650787706163""></script>"
"District","<div id=""hy-AXrxloE2b-0"" class=""hywrap""> </div><script async src=""//app.hy.ly/fjs/AXrxloE2b/0.js?pid=1445907375350582022""></script>"
"The Dylan","<div id=""hy-AXrxloE2b-0"" class=""hywrap""> </div><script async src=""//app.hy.ly/fjs/AXrxloE2b/0.js?pid=1451450334763214532""></script>"
"Eastside Flats","<div id=""hy-AXrxloE2b-0"" class=""hywrap""> </div><script async src=""//app.hy.ly/fjs/AXrxloE2b/0.js?pid=1445907375375771311""></script>"
"Edgewater Apartments","<div id=""hy-AXrxloE2b-0"" class=""hywrap""> </div><script async src=""//app.hy.ly/fjs/AXrxloE2b/0.js?pid=1445907375401382730""></script>"
"Eight 50 Aliceanna","<div id=""hy-AXrxloE2b-0"" class=""hywrap""> </div><script async src=""//app.hy.ly/fjs/AXrxloE2b/0.js?pid=1445907375536229669""></script>"
"Elevation at Washington Gateway","<div id=""hy-AXrxloE2b-0"" class=""hywrap""> </div><script async src=""//app.hy.ly/fjs/AXrxloE2b/0.js?pid=1451449292872503103""></script>"
"The Ellington","<div id=""hy-AXrxloE2b-0"" class=""hywrap""> </div><script async src=""//app.hy.ly/fjs/AXrxloE2b/0.js?pid=1445907378260646200""></script>"
"Enclave at Emerson","<div id=""hy-AXrxloE2b-0"" class=""hywrap""> </div><script async src=""//app.hy.ly/fjs/AXrxloE2b/0.js?pid=1445907375563291047""></script>"
"Excalibur Apartments","<div id=""hy-AXrxloE2b-0"" class=""hywrap""> </div><script async src=""//app.hy.ly/fjs/AXrxloE2b/0.js?pid=1445907375590119638""></script>"
"The Fenestra at Rockville Town Square","<div id=""hy-AXrxloE2b-0"" class=""hywrap""> </div><script async src=""//app.hy.ly/fjs/AXrxloE2b/0.js?pid=1445907378285404165""></script>"
"Fenwick","<div id=""hy-AXrxloE2b-0"" class=""hywrap""> </div><script async src=""//app.hy.ly/fjs/AXrxloE2b/0.js?pid=1451449385250881325""></script>"
"The Fitzgerald at UB Midtown","<div id=""hy-AXrxloE2b-0"" class=""hywrap""> </div><script async src=""//app.hy.ly/fjs/AXrxloE2b/0.js?pid=1445907378310612932""></script>"
"Flats 130 at Constitution Square","<div id=""hy-AXrxloE2b-0"" class=""hywrap""> </div><script async src=""//app.hy.ly/fjs/AXrxloE2b/0.js?pid=1445907375616897290""></script>"
"Flats at Atlas","<div id=""hy-AXrxloE2b-0"" class=""hywrap""> </div><script async src=""//app.hy.ly/fjs/AXrxloE2b/0.js?pid=1445907375671697655""></script>"
"Flats on D","<div id=""hy-AXrxloE2b-0"" class=""hywrap""> </div><script async src=""//app.hy.ly/fjs/AXrxloE2b/0.js?pid=1451449459542061701""></script>"
"Flats170 at Academy Yard","<div id=""hy-AXrxloE2b-0"" class=""hywrap""> </div><script async src=""//app.hy.ly/fjs/AXrxloE2b/0.js?pid=1445907375696398097""></script>"
"Gaslight Commons","<div id=""hy-AXrxloE2b-0"" class=""hywrap""> </div><script async src=""//app.hy.ly/fjs/AXrxloE2b/0.js?pid=1445907375721768582""></script>"
"Gatehouse 75","<div id=""hy-AXrxloE2b-0"" class=""hywrap""> </div><script async src=""//app.hy.ly/fjs/AXrxloE2b/0.js?pid=1445907375746142099""></script>"
"The Glen","<div id=""hy-AXrxloE2b-0"" class=""hywrap""> </div><script async src=""//app.hy.ly/fjs/AXrxloE2b/0.js?pid=1445907378447075255""></script>"
"The Gramercy at Town Center","<div id=""hy-AXrxloE2b-0"" class=""hywrap""> </div><script async src=""//app.hy.ly/fjs/AXrxloE2b/0.js?pid=1445907378475676997""></script>"
"The Grays on Pennsylvania","<div id=""hy-AXrxloE2b-0"" class=""hywrap""> </div><script async src=""//app.hy.ly/fjs/AXrxloE2b/0.js?pid=1451450444137103948""></script>"
"The Greentree Building","<div id=""hy-AXrxloE2b-0"" class=""hywrap""> </div><script async src=""//app.hy.ly/fjs/AXrxloE2b/0.js?pid=1445907378503221144""></script>"
"Greenwich Place","<div id=""hy-AXrxloE2b-0"" class=""hywrap""> </div><script async src=""//app.hy.ly/fjs/AXrxloE2b/0.js?pid=1445907375771365174""></script>"
"Griffin Apartments at Petworth Metro","<div id=""hy-AXrxloE2b-0"" class=""hywrap""> </div><script async src=""//app.hy.ly/fjs/AXrxloE2b/0.js?pid=1445907375795291959""></script>"
"Halstead Arlington","<div id=""hy-AXrxloE2b-0"" class=""hywrap""> </div><script async src=""//app.hy.ly/fjs/AXrxloE2b/0.js?pid=1445907375820628304""></script>"
"Halstead Dulles","<div id=""hy-AXrxloE2b-0"" class=""hywrap""> </div><script async src=""//app.hy.ly/fjs/AXrxloE2b/0.js?pid=1445907375844518817""></script>"
"Halstead New Rochelle Metro North","<div id=""hy-AXrxloE2b-0"" class=""hywrap""> </div><script async src=""//app.hy.ly/fjs/AXrxloE2b/0.js?pid=1451449653105691769""></script>"
"Halstead Square Dunn Loring Metro","<div id=""hy-AXrxloE2b-0"" class=""hywrap""> </div><script async src=""//app.hy.ly/fjs/AXrxloE2b/0.js?pid=1445907375869099493""></script>"
"Halstead Tewksbury","<div id=""hy-AXrxloE2b-0"" class=""hywrap""> </div><script async src=""//app.hy.ly/fjs/AXrxloE2b/0.js?pid=1452773733810814321""></script>"
"Halstead White Plains Metro North","<div id=""hy-AXrxloE2b-0"" class=""hywrap""> </div><script async src=""//app.hy.ly/fjs/AXrxloE2b/0.js?pid=1445907375893338194""></script>"
"The Guilford","<div id=""hy-AXrxloE2b-0"" class=""hywrap""> </div><script async src=""//app.hy.ly/fjs/AXrxloE2b/0.js?pid=1445907378530624558""></script>"
"Hidden Creek Apartment Homes","<div id=""hy-AXrxloE2b-0"" class=""hywrap""> </div><script async src=""//app.hy.ly/fjs/AXrxloE2b/0.js?pid=1445907375916074503""></script>"
"Highland Park","<div id=""hy-AXrxloE2b-0"" class=""hywrap""> </div><script async src=""//app.hy.ly/fjs/AXrxloE2b/0.js?pid=1445907375940367879""></script>"
"Highland Park 2","<div id=""hy-AXrxloE2b-0"" class=""hywrap""> </div><script async src=""//app.hy.ly/fjs/AXrxloE2b/0.js?pid=1445907375965117442""></script>"
"Historic Row","<div id=""hy-AXrxloE2b-0"" class=""hywrap""> </div><script async src=""//app.hy.ly/fjs/AXrxloE2b/0.js?pid=1451449770331151794""></script>"
"Hodge on 7th","<div id=""hy-AXrxloE2b-0"" class=""hywrap""> </div><script async src=""//app.hy.ly/fjs/AXrxloE2b/0.js?pid=1466926612252400833""></script>"
"Hunters Glen","<div id=""hy-AXrxloE2b-0"" class=""hywrap""> </div><script async src=""//app.hy.ly/fjs/AXrxloE2b/0.js?pid=1445907375990107713""></script>"
"Icon","<div id=""hy-AXrxloE2b-0"" class=""hywrap""> </div><script async src=""//app.hy.ly/fjs/AXrxloE2b/0.js?pid=1445907376013074889""></script>"
"Infinity Apartments","<div id=""hy-AXrxloE2b-0"" class=""hywrap""> </div><script async src=""//app.hy.ly/fjs/AXrxloE2b/0.js?pid=1451439801603529576""></script>"
"Instrata Pentagon City","<div id=""hy-AXrxloE2b-0"" class=""hywrap""> </div><script async src=""//app.hy.ly/fjs/AXrxloE2b/0.js?pid=1451449897379886052""></script>"
"The Jefferson at Fair Oaks","<div id=""hy-AXrxloE2b-0"" class=""hywrap""> </div><script async src=""//app.hy.ly/fjs/AXrxloE2b/0.js?pid=1445907378555337423""></script>"
"Jericho Residences","<div id=""hy-AXrxloE2b-0"" class=""hywrap""> </div><script async src=""//app.hy.ly/fjs/AXrxloE2b/0.js?pid=1445907376037783801""></script>"
"The Kensington","<div id=""hy-AXrxloE2b-0"" class=""hywrap""> </div><script async src=""//app.hy.ly/fjs/AXrxloE2b/0.js?pid=1445907378580787078""></script>"
"The Kingsley","<div id=""hy-AXrxloE2b-0"" class=""hywrap""> </div><script async src=""//app.hy.ly/fjs/AXrxloE2b/0.js?pid=1445907378605221552""></script>"
"Lakeside Apartments","<div id=""hy-AXrxloE2b-0"" class=""hywrap""> </div><script async src=""//app.hy.ly/fjs/AXrxloE2b/0.js?pid=1445907376061314344""></script>"
"Learning and Development","<div id=""hy-AXrxloE2b-0"" class=""hywrap""> </div><script async src=""//app.hy.ly/fjs/AXrxloE2b/0.js?pid=1458595622342267134""></script>"
"The Lexington at Market Square","<div id=""hy-AXrxloE2b-0"" class=""hywrap""> </div><script async src=""//app.hy.ly/fjs/AXrxloE2b/0.js?pid=1445907378631869904""></script>"
"Liberty Towers","<div id=""hy-AXrxloE2b-0"" class=""hywrap""> </div><script async src=""//app.hy.ly/fjs/AXrxloE2b/0.js?pid=1445907376085377072""></script>"
"Lodge at Seven Oaks","<div id=""hy-AXrxloE2b-0"" class=""hywrap""> </div><script async src=""//app.hy.ly/fjs/AXrxloE2b/0.js?pid=1445907376110418251""></script>"
"London Normandy House","<div id=""hy-AXrxloE2b-0"" class=""hywrap""> </div><script async src=""//app.hy.ly/fjs/AXrxloE2b/0.js?pid=1445907376245329115""></script>"
"The Loree Grand at Union Place","<div id=""hy-AXrxloE2b-0"" class=""hywrap""> </div><script async src=""//app.hy.ly/fjs/AXrxloE2b/0.js?pid=1445907378658289972""></script>"
"Lotus Square","<div id=""hy-AXrxloE2b-0"" class=""hywrap""> </div><script async src=""//app.hy.ly/fjs/AXrxloE2b/0.js?pid=1451449948085477681""></script>"
"Madox","<div id=""hy-AXrxloE2b-0"" class=""hywrap""> </div><script async src=""//app.hy.ly/fjs/AXrxloE2b/0.js?pid=1445907376270393195""></script>"
"Mariner Bay at Annapolis Towne Centre","<div id=""hy-AXrxloE2b-0"" class=""hywrap""> </div><script async src=""//app.hy.ly/fjs/AXrxloE2b/0.js?pid=1445907376294240328""></script>"
"Masons Keepe","<div id=""hy-AXrxloE2b-0"" class=""hywrap""> </div><script async src=""//app.hy.ly/fjs/AXrxloE2b/0.js?pid=1445907376319963272""></script>"
"The Maxwell","<div id=""hy-AXrxloE2b-0"" class=""hywrap""> </div><script async src=""//app.hy.ly/fjs/AXrxloE2b/0.js?pid=1478710225329618515""></script>"
"McHenry Row","<div id=""hy-AXrxloE2b-0"" class=""hywrap""> </div><script async src=""//app.hy.ly/fjs/AXrxloE2b/0.js?pid=1445907376348704122""></script>"
"MetroPointe","<div id=""hy-AXrxloE2b-0"" class=""hywrap""> </div><script async src=""//app.hy.ly/fjs/AXrxloE2b/0.js?pid=1445907376375983470""></script>"
"The Metropolitan","<div id=""hy-AXrxloE2b-0"" class=""hywrap""> </div><script async src=""//app.hy.ly/fjs/AXrxloE2b/0.js?pid=1445907378699055877""></script>"
"Milestone","<div id=""hy-AXrxloE2b-0"" class=""hywrap""> </div><script async src=""//app.hy.ly/fjs/AXrxloE2b/0.js?pid=1473358808273501337""></script>"
"Millstone at Kingsview","<div id=""hy-AXrxloE2b-0"" class=""hywrap""> </div><script async src=""//app.hy.ly/fjs/AXrxloE2b/0.js?pid=1445907376403292803""></script>"
"Monica Test","<div id=""hy-AXrxloE2b-0"" class=""hywrap""> </div><script async src=""//app.hy.ly/fjs/AXrxloE2b/0.js?pid=1470822397566454529""></script>"
"Monroe Place","<div id=""hy-AXrxloE2b-0"" class=""hywrap""> </div><script async src=""//app.hy.ly/fjs/AXrxloE2b/0.js?pid=1445907376431303118""></script>"
"Monroe Street Market","<div id=""hy-AXrxloE2b-0"" class=""hywrap""> </div><script async src=""//app.hy.ly/fjs/AXrxloE2b/0.js?pid=1448635931144694940""></script>"
"Monterey Apartments","<div id=""hy-AXrxloE2b-0"" class=""hywrap""> </div><script async src=""//app.hy.ly/fjs/AXrxloE2b/0.js?pid=1445907376509625793""></script>"
"The Munsey","<div id=""hy-AXrxloE2b-0"" class=""hywrap""> </div><script async src=""//app.hy.ly/fjs/AXrxloE2b/0.js?pid=1445907378723458609""></script>"
"New Village at Patchogue","<div id=""hy-AXrxloE2b-0"" class=""hywrap""> </div><script async src=""//app.hy.ly/fjs/AXrxloE2b/0.js?pid=1445907376534981484""></script>"
"Newseum Residences","<div id=""hy-AXrxloE2b-0"" class=""hywrap""> </div><script async src=""//app.hy.ly/fjs/AXrxloE2b/0.js?pid=1445907376559006630""></script>"
"NoHo Flats","<div id=""hy-AXrxloE2b-0"" class=""hywrap""> </div><script async src=""//app.hy.ly/fjs/AXrxloE2b/0.js?pid=1451450005495139823""></script>"
"North Bethesda Market","<div id=""hy-AXrxloE2b-0"" class=""hywrap""> </div><script async src=""//app.hy.ly/fjs/AXrxloE2b/0.js?pid=1465749326544576145""></script>"
"The Apartments at North Point","<div id=""hy-AXrxloE2b-0"" class=""hywrap""> </div><script async src=""//app.hy.ly/fjs/AXrxloE2b/0.js?pid=1451450274836586437""></script>"
"Observer Park","<div id=""hy-AXrxloE2b-0"" class=""hywrap""> </div><script async src=""//app.hy.ly/fjs/AXrxloE2b/0.js?pid=1445907376582670449""></script>"
"Onyx on First","<div id=""hy-AXrxloE2b-0"" class=""hywrap""> </div><script async src=""//app.hy.ly/fjs/AXrxloE2b/0.js?pid=1445907376607082866""></script>"
"Overlook Manor","<div id=""hy-AXrxloE2b-0"" class=""hywrap""> </div><script async src=""//app.hy.ly/fjs/AXrxloE2b/0.js?pid=1445907376630869115""></script>"
"The Palatine Apartments","<div id=""hy-AXrxloE2b-0"" class=""hywrap""> </div><script async src=""//app.hy.ly/fjs/AXrxloE2b/0.js?pid=1464923082374450394""></script>"
"Palette at Arts District","<div id=""hy-AXrxloE2b-0"" class=""hywrap""> </div><script async src=""//app.hy.ly/fjs/AXrxloE2b/0.js?pid=1445907376656557871""></script>"
"Park Lane Seaport","<div id=""hy-AXrxloE2b-0"" class=""hywrap""> </div><script async src=""//app.hy.ly/fjs/AXrxloE2b/0.js?pid=1445907376679973459""></script>"
"Park Place at Petworth Metro","<div id=""hy-AXrxloE2b-0"" class=""hywrap""> </div><script async src=""//app.hy.ly/fjs/AXrxloE2b/0.js?pid=1445907376703866739""></script>"
"Park Place at Van Dorn","<div id=""hy-AXrxloE2b-0"" class=""hywrap""> </div><script async src=""//app.hy.ly/fjs/AXrxloE2b/0.js?pid=1445907376729096893""></script>"
"Pearson Square","<div id=""hy-AXrxloE2b-0"" class=""hywrap""> </div><script async src=""//app.hy.ly/fjs/AXrxloE2b/0.js?pid=1445907376752981023""></script>"
"The Pepper Building","<div id=""hy-AXrxloE2b-0"" class=""hywrap""> </div><script async src=""//app.hy.ly/fjs/AXrxloE2b/0.js?pid=1445907378748416851""></script>"
"PerSei Apartments at Pike & Rose","<div id=""hy-AXrxloE2b-0"" class=""hywrap""> </div><script async src=""//app.hy.ly/fjs/AXrxloE2b/0.js?pid=1451450056217680982""></script>"
"Pinnacle Town Center","<div id=""hy-AXrxloE2b-0"" class=""hywrap""> </div><script async src=""//app.hy.ly/fjs/AXrxloE2b/0.js?pid=1445907376776775778""></script>"
"Poplar Glen","<div id=""hy-AXrxloE2b-0"" class=""hywrap""> </div><script async src=""//app.hy.ly/fjs/AXrxloE2b/0.js?pid=1445907376801974042""></script>"
"The Promenade at Harbor East","<div id=""hy-AXrxloE2b-0"" class=""hywrap""> </div><script async src=""//app.hy.ly/fjs/AXrxloE2b/0.js?pid=1445907378773112470""></script>"
"Reading Commons","<div id=""hy-AXrxloE2b-0"" class=""hywrap""> </div><script async src=""//app.hy.ly/fjs/AXrxloE2b/0.js?pid=1451450114069058869""></script>"
"Red Run Apartments","<div id=""hy-AXrxloE2b-0"" class=""hywrap""> </div><script async src=""//app.hy.ly/fjs/AXrxloE2b/0.js?pid=1445907376937123794""></script>"
"Regatta Apartments","<div id=""hy-AXrxloE2b-0"" class=""hywrap""> </div><script async src=""//app.hy.ly/fjs/AXrxloE2b/0.js?pid=1445907376963735755""></script>"
"The Residences at Rivers Edge","<div id=""hy-AXrxloE2b-0"" class=""hywrap""> </div><script async src=""//app.hy.ly/fjs/AXrxloE2b/0.js?pid=1445907378798105378""></script>"
"The Residences at The Market Common","<div id=""hy-AXrxloE2b-0"" class=""hywrap""> </div><script async src=""//app.hy.ly/fjs/AXrxloE2b/0.js?pid=1445907378824095994""></script>"
"Residences on The Avenue","<div id=""hy-AXrxloE2b-0"" class=""hywrap""> </div><script async src=""//app.hy.ly/fjs/AXrxloE2b/0.js?pid=1445907376989031455""></script>"
"Rhode Island Row","<div id=""hy-AXrxloE2b-0"" class=""hywrap""> </div><script async src=""//app.hy.ly/fjs/AXrxloE2b/0.js?pid=1445907377014211050""></script>"
"Rivers Edge","<div id=""hy-AXrxloE2b-0"" class=""hywrap""> </div><script async src=""//app.hy.ly/fjs/AXrxloE2b/0.js?pid=1450880155447375276""></script>"
"Riverstone at Owings Mills","<div id=""hy-AXrxloE2b-0"" class=""hywrap""> </div><script async src=""//app.hy.ly/fjs/AXrxloE2b/0.js?pid=1445907377037517004""></script>"
"Riverwalk at Millennium","<div id=""hy-AXrxloE2b-0"" class=""hywrap""> </div><script async src=""//app.hy.ly/fjs/AXrxloE2b/0.js?pid=1445907377063625573""></script>"
"Rolling Hills","<div id=""hy-AXrxloE2b-0"" class=""hywrap""> </div><script async src=""//app.hy.ly/fjs/AXrxloE2b/0.js?pid=1445907377088217264""></script>"
"Rosemary Ridge","<div id=""hy-AXrxloE2b-0"" class=""hywrap""> </div><script async src=""//app.hy.ly/fjs/AXrxloE2b/0.js?pid=1445907377112199369""></script>"
"The Sagamore","<div id=""hy-AXrxloE2b-0"" class=""hywrap""> </div><script async src=""//app.hy.ly/fjs/AXrxloE2b/0.js?pid=1445907378847485381""></script>"
"Senate Square","<div id=""hy-AXrxloE2b-0"" class=""hywrap""> </div><script async src=""//app.hy.ly/fjs/AXrxloE2b/0.js?pid=1445907377136866745""></script>"
"Serrano Apartments","<div id=""hy-AXrxloE2b-0"" class=""hywrap""> </div><script async src=""//app.hy.ly/fjs/AXrxloE2b/0.js?pid=1451450167272238537""></script>"
"The Shelby","<div id=""hy-AXrxloE2b-0"" class=""hywrap""> </div><script async src=""//app.hy.ly/fjs/AXrxloE2b/0.js?pid=1451450509062692023""></script>"
"Siena Park","<div id=""hy-AXrxloE2b-0"" class=""hywrap""> </div><script async src=""//app.hy.ly/fjs/AXrxloE2b/0.js?pid=1445907377184459592""></script>"
"Silverwood Farm","<div id=""hy-AXrxloE2b-0"" class=""hywrap""> </div><script async src=""//app.hy.ly/fjs/AXrxloE2b/0.js?pid=1445907377209156892""></script>"
"Solaire","<div id=""hy-AXrxloE2b-0"" class=""hywrap""> </div><script async src=""//app.hy.ly/fjs/AXrxloE2b/0.js?pid=1445907377234711766""></script>"
"Spectrum Apartments","<div id=""hy-AXrxloE2b-0"" class=""hywrap""> </div><script async src=""//app.hy.ly/fjs/AXrxloE2b/0.js?pid=1446357631767087242""></script>"
"Spinnaker Bay at Harbor East","<div id=""hy-AXrxloE2b-0"" class=""hywrap""> </div><script async src=""//app.hy.ly/fjs/AXrxloE2b/0.js?pid=1445907377740554322""></script>"
"Spring House at  Brandywine","<div id=""hy-AXrxloE2b-0"" class=""hywrap""> </div><script async src=""//app.hy.ly/fjs/AXrxloE2b/0.js?pid=1445907377767880509""></script>"
"Station Square Apartments","<div id=""hy-AXrxloE2b-0"" class=""hywrap""> </div><script async src=""//app.hy.ly/fjs/AXrxloE2b/0.js?pid=1473357105080561943""></script>"
"St. Johns Wood","<div id=""hy-AXrxloE2b-0"" class=""hywrap""> </div><script async src=""//app.hy.ly/fjs/AXrxloE2b/0.js?pid=1445907377794239695""></script>"
"St. Paul Senior Living Apartments","<div id=""hy-AXrxloE2b-0"" class=""hywrap""> </div><script async src=""//app.hy.ly/fjs/AXrxloE2b/0.js?pid=1452770713836276617""></script>"
"Station at Manayunk","<div id=""hy-AXrxloE2b-0"" class=""hywrap""> </div><script async src=""//app.hy.ly/fjs/AXrxloE2b/0.js?pid=1445907378871896475""></script>"
"Sterling Parc at Hanover","<div id=""hy-AXrxloE2b-0"" class=""hywrap""> </div><script async src=""//app.hy.ly/fjs/AXrxloE2b/0.js?pid=1445907377821400222""></script>"
"Stone Point Apartments","<div id=""hy-AXrxloE2b-0"" class=""hywrap""> </div><script async src=""//app.hy.ly/fjs/AXrxloE2b/0.js?pid=1445907377845140206""></script>"
"Stonington Farm","<div id=""hy-AXrxloE2b-0"" class=""hywrap""> </div><script async src=""//app.hy.ly/fjs/AXrxloE2b/0.js?pid=1445907377870911583""></script>"
"Instrata at Mercedes House","<div id=""hy-AXrxloE2b-0"" class=""hywrap""> </div><script async src=""//app.hy.ly/fjs/AXrxloE2b/0.js?pid=1452773525743798214""></script>"
"Strathmore Court at White Flint","<div id=""hy-AXrxloE2b-0"" class=""hywrap""> </div><script async src=""//app.hy.ly/fjs/AXrxloE2b/0.js?pid=1445907377895923133""></script>"
"Summer Chase Apartments","<div id=""hy-AXrxloE2b-0"" class=""hywrap""> </div><script async src=""//app.hy.ly/fjs/AXrxloE2b/0.js?pid=1445907377920044758""></script>"
"The Summit Apartments","<div id=""hy-AXrxloE2b-0"" class=""hywrap""> </div><script async src=""//app.hy.ly/fjs/AXrxloE2b/0.js?pid=1451451398945818499""></script>"
"The Swift","<div id=""hy-AXrxloE2b-0"" class=""hywrap""> </div><script async src=""//app.hy.ly/fjs/AXrxloE2b/0.js?pid=1451451454722676095""></script>"
"Takoma Central","<div id=""hy-AXrxloE2b-0"" class=""hywrap""> </div><script async src=""//app.hy.ly/fjs/AXrxloE2b/0.js?pid=1451450218597911382""></script>"
"Talent Acquisition","<div id=""hy-AXrxloE2b-0"" class=""hywrap""> </div><script async src=""//app.hy.ly/fjs/AXrxloE2b/0.js?pid=1459695515386765413""></script>"
"The Esplanade at National Harbor","<div id=""hy-AXrxloE2b-0"" class=""hywrap""> </div><script async src=""//app.hy.ly/fjs/AXrxloE2b/0.js?pid=1468649165897966598""></script>"
"The Woodley","<div id=""hy-AXrxloE2b-0"" class=""hywrap""> </div><script async src=""//app.hy.ly/fjs/AXrxloE2b/0.js?pid=1475084376938572211""></script>"
"Timberlawn Crescent","<div id=""hy-AXrxloE2b-0"" class=""hywrap""> </div><script async src=""//app.hy.ly/fjs/AXrxloE2b/0.js?pid=1445907379025691156""></script>"
"The Townes at Harvest View","<div id=""hy-AXrxloE2b-0"" class=""hywrap""> </div><script async src=""//app.hy.ly/fjs/AXrxloE2b/0.js?pid=1445907378903222409""></script>"
"Towson Woods Apartments","<div id=""hy-AXrxloE2b-0"" class=""hywrap""> </div><script async src=""//app.hy.ly/fjs/AXrxloE2b/0.js?pid=1445907379164700284""></script>"
"Union Wharf Apartments","<div id=""hy-AXrxloE2b-0"" class=""hywrap""> </div><script async src=""//app.hy.ly/fjs/AXrxloE2b/0.js?pid=1445907379191927893""></script>"
"Upstairs at Bethesda Row","<div id=""hy-AXrxloE2b-0"" class=""hywrap""> </div><script async src=""//app.hy.ly/fjs/AXrxloE2b/0.js?pid=1445907379217795118""></script>"
"vPoint","<div id=""hy-AXrxloE2b-0"" class=""hywrap""> </div><script async src=""//app.hy.ly/fjs/AXrxloE2b/0.js?pid=1445907379243177481""></script>"
"The Village at Taylor Pond","<div id=""hy-AXrxloE2b-0"" class=""hywrap""> </div><script async src=""//app.hy.ly/fjs/AXrxloE2b/0.js?pid=1445907378927832356""></script>"
"Willowdale Crossing","<div id=""hy-AXrxloE2b-0"" class=""hywrap""> </div><script async src=""//app.hy.ly/fjs/AXrxloE2b/0.js?pid=1445907379268247632""></script>"
"Waterside Place","<div id=""hy-AXrxloE2b-0"" class=""hywrap""> </div><script async src=""//app.hy.ly/fjs/AXrxloE2b/0.js?pid=1445907379293988340""></script>"
"Watertown Mews","<div id=""hy-AXrxloE2b-0"" class=""hywrap""> </div><script async src=""//app.hy.ly/fjs/AXrxloE2b/0.js?pid=1467911218860151719""></script>"
"West 130 Apartments","<div id=""hy-AXrxloE2b-0"" class=""hywrap""> </div><script async src=""//app.hy.ly/fjs/AXrxloE2b/0.js?pid=1461845645011435984""></script>"
"The Whitney","<div id=""hy-AXrxloE2b-0"" class=""hywrap""> </div><script async src=""//app.hy.ly/fjs/AXrxloE2b/0.js?pid=1445907378952242847""></script>"
"The Wimbledon","<div id=""hy-AXrxloE2b-0"" class=""hywrap""> </div><script async src=""//app.hy.ly/fjs/AXrxloE2b/0.js?pid=1445907378976501571""></script>"
"Winthrop - Leasing Kiosk","<div id=""hy-AXrxloE2b-0"" class=""hywrap""> </div><script async src=""//app.hy.ly/fjs/AXrxloE2b/0.js?pid=1475885385971217075""></script>"
"Yale West","<div id=""hy-AXrxloE2b-0"" class=""hywrap""> </div><script async src=""//app.hy.ly/fjs/AXrxloE2b/0.js?pid=1445907379331051306""></script>"
"The Yards at Fieldside Village","<div id=""hy-AXrxloE2b-0"" class=""hywrap""> </div><script async src=""//app.hy.ly/fjs/AXrxloE2b/0.js?pid=1473348142103179924""></script>"
"The Avenue at York (Test)","<div id=""hy-AXrxloE2b-0"" class=""hywrap""> </div><script async src=""//app.hy.ly/fjs/AXrxloE2b/0.js?pid=1449795890265208168""></script>"
"The Zenith","<div id=""hy-AXrxloE2b-0"" class=""hywrap""> </div><script async src=""//app.hy.ly/fjs/AXrxloE2b/0.js?pid=1445907379002484873""></script>"
"220 Twentieth Street","<div id=""hy-AXrxloE2b-0"" class=""hywrap""> </div><script async src=""//app.hy.ly/fjs/AXrxloE2b/0.js?pid=1447170672881814867""></script>"
"Legacy- Arden Pointe","<div id=""hy-AXrxloE2b-0"" class=""hywrap""> </div><script async src=""//app.hy.ly/fjs/AXrxloE2b/0.js?pid=1447170515506241072""></script>"
"Bridgeview Apartments","<div id=""hy-AXrxloE2b-0"" class=""hywrap""> </div><script async src=""//app.hy.ly/fjs/AXrxloE2b/0.js?pid=1447170968780763605""></script>"
"River House","<div id=""hy-AXrxloE2b-0"" class=""hywrap""> </div><script async src=""//app.hy.ly/fjs/AXrxloE2b/0.js?pid=1447170909826739220""></script>"
"Spa Cove","<div id=""hy-AXrxloE2b-0"" class=""hywrap""> </div><script async src=""//app.hy.ly/fjs/AXrxloE2b/0.js?pid=1447170622453420266""></script>"
"The Paramount","<div id=""hy-AXrxloE2b-0"" class=""hywrap""> </div><script async src=""//app.hy.ly/fjs/AXrxloE2b/0.js?pid=1447170403676758493""></script>"
"WestEnd25","<div id=""hy-AXrxloE2b-0"" class=""hywrap""> </div><script async src=""//app.hy.ly/fjs/AXrxloE2b/0.js?pid=1447170840776112883""></script>"
"Sold - Arbors at Broadlands Training","<div id=""hy-AXrxloE2b-0"" class=""hywrap""> </div><script async src=""//app.hy.ly/fjs/AXrxloE2b/0.js?pid=1445907377259324681""></script>"
"Avenel at Montgomery Square","<div id=""hy-AXrxloE2b-0"" class=""hywrap""> </div><script async src=""//app.hy.ly/fjs/AXrxloE2b/0.js?pid=1445907377283170594""></script>"
"Capitol Yards","<div id=""hy-AXrxloE2b-0"" class=""hywrap""> </div><script async src=""//app.hy.ly/fjs/AXrxloE2b/0.js?pid=1445907377309550635""></script>"
"Sold - City Market at O Senior","<div id=""hy-AXrxloE2b-0"" class=""hywrap""> </div><script async src=""//app.hy.ly/fjs/AXrxloE2b/0.js?pid=1445907377333345434""></script>"
"Sold - Halstead Square-Rockwell","<div id=""hy-AXrxloE2b-0"" class=""hywrap""> </div><script async src=""//app.hy.ly/fjs/AXrxloE2b/0.js?pid=1445907377357943026""></script>"
"Monroe Street Market-Portland Flats","<div id=""hy-AXrxloE2b-0"" class=""hywrap""> </div><script async src=""//app.hy.ly/fjs/AXrxloE2b/0.js?pid=1445907377384407971""></script>"
"Sold - Riverwalk Test","<div id=""hy-AXrxloE2b-0"" class=""hywrap""> </div><script async src=""//app.hy.ly/fjs/AXrxloE2b/0.js?pid=1445907377409043583""></script>"
"Sold - Rosemary Ridge (Phase 2)","<div id=""hy-AXrxloE2b-0"" class=""hywrap""> </div><script async src=""//app.hy.ly/fjs/AXrxloE2b/0.js?pid=1445907377432684693""></script>"
"Sold - The Fenestra Apartments 3B","<div id=""hy-AXrxloE2b-0"" class=""hywrap""> </div><script async src=""//app.hy.ly/fjs/AXrxloE2b/0.js?pid=1445907377456121266""></script>"
"Sold - The Fenestra Apartments Block 4","<div id=""hy-AXrxloE2b-0"" class=""hywrap""> </div><script async src=""//app.hy.ly/fjs/AXrxloE2b/0.js?pid=1445907377480423973""></script>"
"Sold - The Lexington - Phase 2","<div id=""hy-AXrxloE2b-0"" class=""hywrap""> </div><script async src=""//app.hy.ly/fjs/AXrxloE2b/0.js?pid=1445907377505386263""></script>"
"Washington Crossing","<div id=""hy-AXrxloE2b-0"" class=""hywrap""> </div><script async src=""//app.hy.ly/fjs/AXrxloE2b/0.js?pid=1445907377642314872""></script>"
"Flats 130 at Constitution Square 2","<div id=""hy-AXrxloE2b-0"" class=""hywrap""> </div><script async src=""//app.hy.ly/fjs/AXrxloE2b/0.js?pid=1445907375645865647""></script>"
"HR & Training","<div id=""hy-AXrxloE2b-0"" class=""hywrap""> </div><script async src=""//app.hy.ly/fjs/AXrxloE2b/0.js?pid=1456761470759358596""></script>"
"Halstead Tewksbury (formerly Shawsheen Place)","<div id=""hy-AXrxloE2b-0"" class=""hywrap""> </div><script async src=""//app.hy.ly/fjs/AXrxloE2b/0.js?pid=1445907377160239787""></script>"
"Monroe Street Market-Brookland Works","<div id=""hy-AXrxloE2b-0"" class=""hywrap""> </div><script async src=""//app.hy.ly/fjs/AXrxloE2b/0.js?pid=1445907376483012785""></script>"
"77 H","<div id=""hy-AXrxloE2b-0"" class=""hywrap""> </div><script async src=""//app.hy.ly/fjs/AXrxloE2b/0.js?pid=1456609530555098741""></script>"
